{
  "environment": {
    "cuda": "12.8",
    "numpy": "2.2.6",
    "pandas": "2.3.3",
    "platform": "Linux-6.8.0-86-generic-x86_64-with-glibc2.39",
    "python": "3.10.19",
    "scikit_learn": "1.7.2",
    "scipy": "1.15.3",
    "torch": "2.8.0+cu128"
  },
  "formal_seed42_training": {
    "absolute_mae_delta_vs_original": 0.0008628666400909424,
    "absolute_mae_delta_vs_sid_vector": 0.0008925827948999127,
    "best_epoch": 80,
    "best_val_batch_macro_mae": 0.07653653435409069,
    "checkpoint_sha256": "e893da44bcc0a2b9ef756381e2c550c9083737ffae6f3d99072062a3680b66e2",
    "historical_original_test_mae": 0.07659060508012772,
    "historical_sid_vector_test_mae": 0.07656088892531875,
    "metrics": {
      "mae": 0.07745347172021866,
      "n_records": 1098,
      "r2": 0.6542971134185791,
      "rmse": 0.12340133565776104
    },
    "parameter_count": 1065570,
    "peak_gpu_memory_mib": {
      "qualifier": "maximum observed by external polling; not continuous profiler peak",
      "value": 14767
    },
    "physical_gpu_id": 0,
    "prediction_sha256": "134e9ac1d51a72c77d2b62745bcd55f062dba2b656e599a5c9554eb1d89e01d3",
    "wall_seconds": 9941.873630168848
  },
  "historical_checkpoint_inference": {
    "checkpoint_sha256": "d32a9fd6f9f5ff2064955b3cc007128cdb47d2b6caa63426eae50abb398795af",
    "device": "cuda:0",
    "final673_accessed": false,
    "historical_metrics": {
      "mae": 0.07656088892531875,
      "n_records": 1098,
      "r2": 0.6617075686153282,
      "rmse": 0.12207155823914684
    },
    "historical_prediction_sha256": "13d46b6eaa82300ae92f4e22adc8a55f99999fff283d309a9dccdc597720db9a",
    "inference_wall_seconds": 15.245785639621317,
    "max_abs_prediction_delta": 3.554031372532407e-07,
    "max_abs_truth_delta": 5.691528315310279e-08,
    "metrics": {
      "mae": 0.07656089216470718,
      "n_records": 1098,
      "r2": 0.6617075800895691,
      "rmse": 0.12207155608497411
    },
    "new15016_accessed": false,
    "parameter_count": 1065570,
    "prediction_sha256": "5adc8187a5c19eb0883838a6c60c320f6f657fd3d1f862d8a5150a1b8049153c",
    "status": "REPRODUCED_NUMERIC",
    "throughput_records_per_second": 72.01989926439505
  },
  "paired_comparison": {
    "b21_new_training": {
      "mae": 0.07748756768072791,
      "n_records": 1097,
      "r2": 0.6540259713798231,
      "rmse": 0.12345163819514829
    },
    "cheap": {
      "mae": 0.07020991155682628,
      "n_records": 1097,
      "r2": 0.7574868831588407,
      "rmse": 0.10335767339729517
    },
    "delta_mae_cheap_minus_b21_eV": -0.007277656123901632,
    "excluded_b21_only_test_sid": [
      "D-33_A-79"
    ],
    "interpretation": "Audit-only paired calculation on an already inspected test set; no new superiority claim.",
    "locked_project_comparison_p": 0.145,
    "max_abs_truth_delta_eV": 1.0209538858774181e-07,
    "nominal_same_pair_wilcoxon_p": 0.013949873834921597,
    "nominal_same_pair_wilcoxon_statistic": 275322.0,
    "paired_records": 1097
  },
  "published_artifacts": {
    "checkpoint_predictions": {
      "path": "runs/gate1a2_b21_seed42/published/gate1a2_historical_checkpoint_predictions_1098.csv",
      "sha256": "5adc8187a5c19eb0883838a6c60c320f6f657fd3d1f862d8a5150a1b8049153c"
    },
    "formal_predictions": {
      "path": "runs/gate1a2_b21_seed42/published/gate1a2_formal_test_predictions_1098.csv",
      "sha256": "134e9ac1d51a72c77d2b62745bcd55f062dba2b656e599a5c9554eb1d89e01d3"
    },
    "paired_predictions": {
      "path": "runs/gate1a2_b21_seed42/published/gate1a2_cheap_vs_b21_paired_1097.csv",
      "sha256": "fac1514fba8bcd89f74eab35024d25c208a35052e76fbd0cdc9ad6307b167064"
    }
  },
  "scope": {
    "b2_0": false,
    "b2_2a": false,
    "final673": false,
    "formal_training_runs": 1,
    "new15016": false,
    "other_seeds": false
  },
  "status": "REPRODUCED_NUMERIC"
}
