{
  "absolute_mae_delta": 0.0,
  "checkpoint_saved": false,
  "feature_columns_sha256": "ac31990f3a45f2dad441cbabe94601094e445d7686ed65982404f21fb81e252a",
  "feature_count": 541,
  "final673_accessed": false,
  "historical_test_mae": 0.07020991162281436,
  "historical_test_selection_limitation": true,
  "imputer_fit_scope": "train_only_5118",
  "new_prediction_sha256": "16a7e9a8c60176ae0f5c2f31ca6be10ece374967131996a1da6096b0d06818ea",
  "old_new_exact_prediction_vector_match": true,
  "old_new_max_abs_prediction_delta": 5.7189941449209414e-08,
  "old_prediction_sha256": "16a7e9a8c60176ae0f5c2f31ca6be10ece374967131996a1da6096b0d06818ea",
  "peak_process_gpu_memory_mib_observed": 370,
  "scaler_fit_scope": "train_only_5118",
  "status": "REPRODUCED_STRICT",
  "strict_evidence": "Serialized ID-aligned prediction CSV is byte-identical to the historical vector.",
  "test": {
    "mae": 0.07020991162281436,
    "n_records": 1097,
    "r2": 0.7574868831988364,
    "rmse": 0.1033576733887722
  },
  "test_used_for_fit_or_early_stopping": false,
  "train": {
    "mae": 0.03243142377937654,
    "n_records": 5118,
    "r2": 0.9485807200997725,
    "rmse": 0.04404783813039372
  },
  "val": {
    "mae": 0.0719305354805247,
    "n_records": 1098,
    "r2": 0.6809708158025116,
    "rmse": 0.1124846772750741
  },
  "wall_seconds": 43.113010614179075
}
