{
  "candidate_count": 36523,
  "candidate_labels_read": false,
  "final673_access": false,
  "model_registry_sha256": "7a74482341630e584d5f6710cf182a4c12413aa8b73b4128eef866d94a355d6e",
  "point_prediction": {
    "0": 0.24046319723129272,
    "0.1": 0.43841739892959597,
    "0.5": 0.5315213799476624,
    "0.9": 0.8142502188682557,
    "1": 1.1446726322174072
  },
  "prediction_std": {
    "0": 0.006977455442970907,
    "0.5": 0.031791343792294625,
    "0.9": 0.05435488309703637,
    "1": 0.19805096022500635
  },
  "scoring_artifact_sha256": "9d8608d28ad3378dc6bd47628b66aa28e0da599ad4677efaf4030a9c266063f7",
  "second_invocation": "FAIL_CLOSED",
  "stable_high_pool": 98,
  "stable_low_pool": 6,
  "status": "CANDIDATE_SCORING_CONSUMED_ONCE",
  "test_artifact_access": false
}
