{
  "final673_accessed": false,
  "methods": [
    "record",
    "structure",
    "identity"
  ],
  "new_point_predictions": false,
  "nominal_coverage": [
    0.8,
    0.9,
    0.95
  ],
  "protocols": {
    "acceptor_cold": {
      "ad": {
        "high_error_threshold": 0.21491928571428576,
        "score": "acceptor",
        "score_error_spearman": -0.10829572244988073,
        "thresholds": {
          "0.5": 0.5121951219512195,
          "0.7": 0.3888888888888889,
          "0.8": 0.325,
          "0.9": 0.2702702702702703,
          "1.0": null
        },
        "validation_all": {
          "identity_macro_mae": 0.09652867191078515,
          "record_mae": 0.09708869839054009
        },
        "validation_at_80pct_threshold": {
          "identity_macro_mae": 0.0904399167720075,
          "record_mae": 0.0909444721199937
        },
        "validation_retained_fraction": 0.810738255033557
      },
      "primary_cluster": "acceptor_structure_group_id_v1",
      "quantiles": {
        "identity": {
          "0.8": {
            "max_attainable": 0.9696969696969697,
            "n": 32,
            "q": 0.4282229714285714,
            "rank": 27,
            "status": "ATTAINABLE"
          },
          "0.9": {
            "max_attainable": 0.9696969696969697,
            "n": 32,
            "q": 0.4697793971428572,
            "rank": 30,
            "status": "ATTAINABLE"
          },
          "0.95": {
            "max_attainable": 0.9696969696969697,
            "n": 32,
            "q": 0.4965133428571429,
            "rank": 32,
            "status": "ATTAINABLE"
          }
        },
        "record": {
          "0.8": {
            "max_attainable": 0.9995527728085868,
            "n": 2235,
            "q": 0.15212335,
            "rank": 1789,
            "status": "ATTAINABLE"
          },
          "0.9": {
            "max_attainable": 0.9995527728085868,
            "n": 2235,
            "q": 0.21520292857142864,
            "rank": 2013,
            "status": "ATTAINABLE"
          },
          "0.95": {
            "max_attainable": 0.9995527728085868,
            "n": 2235,
            "q": 0.2771448571428572,
            "rank": 2125,
            "status": "ATTAINABLE"
          }
        },
        "structure": {
          "0.8": {
            "max_attainable": 0.9995466908431551,
            "n": 2205,
            "q": 0.15225710142857152,
            "rank": 1765,
            "status": "ATTAINABLE"
          },
          "0.9": {
            "max_attainable": 0.9995466908431551,
            "n": 2205,
            "q": 0.21647225000000003,
            "rank": 1986,
            "status": "ATTAINABLE"
          },
          "0.95": {
            "max_attainable": 0.9995466908431551,
            "n": 2205,
            "q": 0.2777527571428572,
            "rank": 2096,
            "status": "ATTAINABLE"
          }
        }
      },
      "score_counts": {
        "identity": 32,
        "record": 2235,
        "structure": 2205
      },
      "validation_records": 2235
    },
    "both_cold": {
      "ad": {
        "high_error_threshold": 0.20279892857142856,
        "score": "min_donor_acceptor",
        "score_error_spearman": null,
        "thresholds": {
          "0.5": 1.0,
          "0.7": 1.0,
          "0.8": 1.0,
          "0.9": 1.0,
          "1.0": null
        },
        "validation_all": {
          "identity_macro_mae": 0.08933487704332516,
          "record_mae": 0.09034658404257015
        },
        "validation_at_80pct_threshold": {
          "identity_macro_mae": 0.08933487704332516,
          "record_mae": 0.09034658404257015
        },
        "validation_retained_fraction": 1.0
      },
      "primary_cluster": "two_way_donor_acceptor",
      "quantiles": {
        "acceptor_identity_sensitivity": {
          "0.8": {
            "max_attainable": 0.9965397923875432,
            "n": 288,
            "q": 0.2571991142857143,
            "rank": 232,
            "status": "ATTAINABLE"
          },
          "0.9": {
            "max_attainable": 0.9965397923875432,
            "n": 288,
            "q": 0.31531380142857135,
            "rank": 261,
            "status": "ATTAINABLE"
          },
          "0.95": {
            "max_attainable": 0.9965397923875432,
            "n": 288,
            "q": 0.36983541428571426,
            "rank": 275,
            "status": "ATTAINABLE"
          }
        },
        "donor_identity_sensitivity": {
          "0.8": {
            "max_attainable": 0.9928057553956835,
            "n": 138,
            "q": 0.30428674857142857,
            "rank": 112,
            "status": "ATTAINABLE"
          },
          "0.9": {
            "max_attainable": 0.9928057553956835,
            "n": 138,
            "q": 0.3665430285714285,
            "rank": 126,
            "status": "ATTAINABLE"
          },
          "0.95": {
            "max_attainable": 0.9928057553956835,
            "n": 138,
            "q": 0.4433237542857143,
            "rank": 133,
            "status": "ATTAINABLE"
          }
        },
        "record": {
          "0.8": {
            "max_attainable": 0.9994422755158952,
            "n": 1792,
            "q": 0.14812185999999994,
            "rank": 1435,
            "status": "ATTAINABLE"
          },
          "0.9": {
            "max_attainable": 0.9994422755158952,
            "n": 1792,
            "q": 0.20327269714285712,
            "rank": 1614,
            "status": "ATTAINABLE"
          },
          "0.95": {
            "max_attainable": 0.9994422755158952,
            "n": 1792,
            "q": 0.24534605714285718,
            "rank": 1704,
            "status": "ATTAINABLE"
          }
        },
        "structure": {
          "0.8": {
            "max_attainable": 0.9993838570548367,
            "n": 1622,
            "q": 0.14547561428571426,
            "rank": 1299,
            "status": "ATTAINABLE"
          },
          "0.9": {
            "max_attainable": 0.9993838570548367,
            "n": 1622,
            "q": 0.19933162714285718,
            "rank": 1461,
            "status": "ATTAINABLE"
          },
          "0.95": {
            "max_attainable": 0.9993838570548367,
            "n": 1622,
            "q": 0.2481475428571428,
            "rank": 1542,
            "status": "ATTAINABLE"
          }
        }
      },
      "score_counts": {
        "acceptor_identity_sensitivity": 288,
        "donor_identity_sensitivity": 138,
        "record": 1792,
        "structure": 1622
      },
      "validation_records": 1792
    },
    "donor_cold": {
      "ad": {
        "high_error_threshold": 0.20555843571428578,
        "score": "donor",
        "score_error_spearman": 0.03986330807870942,
        "thresholds": {
          "0.5": 0.5072463768115942,
          "0.7": 0.34177215189873417,
          "0.8": 0.21428571428571427,
          "0.9": 0.14634146341463414,
          "1.0": null
        },
        "validation_all": {
          "identity_macro_mae": 0.089734997576138,
          "record_mae": 0.09384738240503901
        },
        "validation_at_80pct_threshold": {
          "identity_macro_mae": 0.08899421714564817,
          "record_mae": 0.09370728034073963
        },
        "validation_retained_fraction": 0.8576544315129812
      },
      "primary_cluster": "donor_structure_group_id_v1",
      "quantiles": {
        "identity": {
          "0.8": {
            "max_attainable": 0.9375,
            "n": 15,
            "q": 0.45672274428571424,
            "rank": 13,
            "status": "ATTAINABLE"
          },
          "0.9": {
            "max_attainable": 0.9375,
            "n": 15,
            "q": 0.50833567,
            "rank": 15,
            "status": "ATTAINABLE"
          },
          "0.95": {
            "max_attainable": 0.9375,
            "n": 15,
            "q": null,
            "rank": 16,
            "status": "UNATTAINABLE_FINITE_SAMPLE"
          }
        },