dataset,group_macro_mae_eV,group_macro_r2,group_macro_rmse_eV,groups,model,paper_status,protocol,records
new15016,0.1417444436706801,-0.00013154914788748862,0.1750426551969713,2195,Weighted median,BASELINE,IID,2319
new15016,0.09038723102475772,0.5412552780166489,0.11854981186124629,2195,Ridge-C0,BASELINE,IID,2319
new15016,0.08418147504486073,0.5738742181827322,0.11425737293628414,2195,XGBoost-C0,PRIMARY_BASELINE,IID,2319
new15016,0.08424036915672115,0.5769770344628578,0.11384063289478673,2195,XGBoost-C1.5-safe,BASELINE,IID,2319
new15016,0.08766406500328516,0.5426860669680049,0.11836479368314913,2195,M3-Merged ensemble,NEGATIVE_3D_BASELINE,IID,2319
new15016,0.08854613716585205,0.541639432852904,0.1185001643998868,2195,M3-DAU-Shared ensemble,NEGATIVE_3D_BASELINE,IID,2319
