calibration_clusters,cluster_simultaneous_coverage,exchangeability_note,identity_macro_coverage,interval_width_eV,method,nominal,normalized_width,protocol,record_coverage
32,0.8055555555555556,protocol-specific audit,0.9964136681164842,0.9395587942857144,identity,0.9,3.2597956565872845,acceptor_cold,0.9959767545820295
288,0.9931856899488927,crossed empirical only,0.993095238095238,0.6306276028571427,acceptor_identity_sensitivity,0.9,5.161946280315255,both_cold,0.9931856899488927
15,1.0,protocol-specific audit,1.0,1.01667134,identity,0.9,4.797730659110782,donor_cold,1.0
731,0.9047619047619048,protocol-specific audit,0.9649298518941377,0.5319155457142857,identity,0.9,2.369092319874427,full_scaffold_cold,0.9653333333333334
2195,0.9052391799544419,protocol-specific audit,0.9052391799544419,0.3752263714285714,identity,0.9,1.5018795618872807,iid,0.9021129797326434
2275,0.8867256637168142,protocol-specific audit,0.8867256637168142,0.3627989142857144,identity,0.9,1.5043909200767722,pair_cold,0.884365526201819
