{
  "input_tiers": {
    "tier1_pm6_3d": [
      "pm6_homo_hartree",
      "pm6_lumo_hartree",
      "pm6_gap_ev"
    ],
    "tier2_dft_3d": [
      "dft_homo_hartree",
      "dft_lumo_hartree",
      "dft_gap_ev",
      "dft_dipole_debye"
    ]
  },
  "inputs": {
    "dft_dipole_debye": {
      "count": 10511,
      "effective_weight": 10246.0,
      "fallback": null,
      "mean": 5.4474772642982625,
      "std": 3.1416771838069932
    },
    "dft_gap_ev": {
      "count": 10511,
      "effective_weight": 10246.0,
      "fallback": null,
      "mean": 2.297493431583057,
      "std": 0.444029932614653
    },
    "dft_homo_hartree": {
      "count": 10511,
      "effective_weight": 10246.0,
      "fallback": null,
      "mean": -0.19420122389225064,
      "std": 0.009621212964491529
    },
    "dft_lumo_hartree": {
      "count": 10511,
      "effective_weight": 10246.0,
      "fallback": null,
      "mean": -0.10976988092914307,
      "std": 0.014934362939666908
    },
    "pm6_gap_ev": {
      "count": 10511,
      "effective_weight": 10246.0,
      "fallback": null,
      "mean": 6.192070823348465,
      "std": 0.4718205449206956
    },
    "pm6_homo_hartree": {
      "count": 10511,
      "effective_weight": 10246.0,
      "fallback": null,
      "mean": -0.3058311882685926,
      "std": 0.01060509099374618
    },
    "pm6_lumo_hartree": {
      "count": 10511,
      "effective_weight": 10246.0,
      "fallback": null,
      "mean": -0.07827678264688659,
      "std": 0.015277190992116297
    }
  },
  "manifest_sha256": "d395020eccfa6e8b73d50bc788a11261d308403a731a9e448040ffe7d238a897",
  "pm6_dipole_enabled": false,
  "scope": "partition=train only",
  "split_name": "full_scaffold_cold_v1",
  "table_sha256": "e7587b1546039f099a4dbd0d352e98885bb2ebdbdcfa18884dd4355eed815a83",
  "targets": {
    "tddft_D_index_angstrom": {
      "count": 10511,
      "effective_weight": 10246.0,
      "fallback": null,
      "mean": 4.31670198126098,
      "std": 4.174756007503222
    },
    "tddft_EDI": {
      "count": 10511,
      "effective_weight": 10246.0,
      "fallback": null,
      "mean": 4.8129709154792115,
      "std": 1.0604720701870327
    },
    "tddft_HDI": {
      "count": 10511,
      "effective_weight": 10246.0,
      "fallback": null,
      "mean": 4.7658657036892444,
      "std": 1.269674498887778
    },
    "tddft_H_CT_angstrom": {
      "count": 10511,
      "effective_weight": 10246.0,
      "fallback": null,
      "mean": 5.503704177239899,
      "std": 2.185550987934826
    },
    "tddft_Q_D_to_A_au": {
      "count": 10511,
      "effective_weight": 10246.0,
      "fallback": null,
      "mean": -0.0031781783622877218,
      "std": 0.0015934424653715115
    },
    "tddft_Sm": {
      "count": 10511,
      "effective_weight": 10246.0,
      "fallback": null,
      "mean": 0.3762585877415577,
      "std": 0.14832797583049778
    },
    "tddft_Sr": {
      "count": 10511,
      "effective_weight": 10246.0,
      "fallback": null,
      "mean": 0.6499621652352138,
      "std": 0.1689330409282526
    },
    "tddft_coulomb_attraction_au": {
      "count": 10511,
      "effective_weight": 10246.0,
      "fallback": null,
      "mean": 0.08403811824126489,
      "std": 0.02285173865412052
    },
    "tddft_coulomb_attraction_eV": {
      "count": 10511,
      "effective_weight": 10246.0,
      "fallback": null,
      "mean": 2.286793359457349,
      "std": 0.6218274978831857
    },
    "tddft_coulomb_attraction_eV_eps3p5_proxy": {
      "count": 10511,
      "effective_weight": 10246.0,
      "fallback": null,
      "mean": 0.6533695312735284,
      "std": 0.17766499939519592
    },
    "tddft_dipole_change_norm_au": {
      "count": 10511,
      "effective_weight": 10246.0,
      "fallback": null,
      "mean": 8.158157502781572,
      "std": 7.896695655938481
    },
    "tddft_electron_on_acceptor_fraction": {
      "count": 5546,
      "effective_weight": 5417.0,
      "fallback": null,
      "mean": 0.6523499908304611,
      "std": 0.4043937900278685
    },
    "tddft_electron_on_donor_fraction": {
      "count": 5546,
      "effective_weight": 5417.0,
      "fallback": null,
      "mean": 0.3465720456733275,
      "std": 0.40422869795606153
    },
    "tddft_excitation_energy_ev": {
      "count": 10511,
      "effective_weight": 10246.0,
      "fallback": null,
      "mean": 2.502032300409916,
      "std": 0.32500823163424564
    },
    "tddft_hole_on_acceptor_fraction": {
      "count": 5546,
      "effective_weight": 5417.0,
      "fallback": null,
      "mean": 0.39908114226130964,
      "std": 0.37980218057574266
    },
    "tddft_hole_on_donor_fraction": {
      "count": 5546,
      "effective_weight": 5417.0,
      "fallback": null,
      "mean": 0.5989957995237339,
      "std": 0.3810779446034837
    },
    "tddft_oscillator_strength": {
      "count": 10511,
      "effective_weight": 10246.0,
      "fallback": null,
      "mean": 1.8293933291040405,
      "std": 1.0200115890329726
    },
    "tddft_t_index_angstrom": {
      "count": 10511,
      "effective_weight": 10246.0,
      "fallback": null,
      "mean": -1.1870035135662698,
      "std": 4.267729051974263
    },
    "tddft_transition_dipole_au": {
      "count": 10511,
      "effective_weight": 10246.0,
      "fallback": null,
      "mean": 4.646964122800004,
      "std": 2.314315785821418
    },
    "tddft_wavelength_nm": {
      "count": 10511,
      "effective_weight": 10246.0,
      "fallback": null,
      "mean": 504.08593158305683,
      "std": 67.94947577607222
    }
  },
  "train_effective_structure_weight": 10246.0,
  "train_records": 10511,
  "weighting": "group_weight"
}
