{
  "checkpoint_scientific_status": "PLUMBING_ONLY",
  "checkpoint_sha256": "74200e3030fd3294477ea0749968d7077fc571c3bc284fffb0795053c4c828a8",
  "epochs": [
    {
      "epoch": 1,
      "train_loss": 0.42491900830646046,
      "validation": {
        "group_macro_mae": 0.14273058844264597,
        "group_macro_r2": {
          "reason": null,
          "value": -0.02479109726654327
        },
        "group_macro_rmse": 0.17620792153617224,
        "kendall": 0.1316437007874016,
        "record_mae": 0.14273058844264597,
        "record_r2": {
          "reason": null,
          "value": -0.02479109726654327
        },
        "record_rmse": 0.17620792153617224,
        "spearman": 0.2290789232741256,
        "valid_count": 128,
        "worst_decile_error": 0.35519332266770876,
        "worst_group_mae": 0.4344257712364197
      }
    },
    {
      "epoch": 2,
      "train_loss": 0.4105075063998811,
      "validation": {
        "group_macro_mae": 0.1374238779535517,
        "group_macro_r2": {
          "reason": null,
          "value": 0.04411822662346443
        },
        "group_macro_rmse": 0.1701805202029235,
        "kendall": 0.2541830708661418,
        "record_mae": 0.1374238779535517,
        "record_r2": {
          "reason": null,
          "value": 0.04411822662346443
        },
        "record_rmse": 0.1701805202029235,
        "spearman": 0.373586568394067,
        "valid_count": 128,
        "worst_decile_error": 0.3563367644181618,
        "worst_group_mae": 0.4786779284477234
      }
    },
    {
      "epoch": 3,
      "train_loss": 0.4187434366904199,
      "validation": {
        "group_macro_mae": 0.13960151781793684,
        "group_macro_r2": {
          "reason": null,
          "value": 0.019901066342138063
        },
        "group_macro_rmse": 0.17232278897629133,
        "kendall": 0.23302165354330712,
        "record_mae": 0.13960151781793684,
        "record_r2": {
          "reason": null,
          "value": 0.019901066342138063
        },
        "record_rmse": 0.17232278897629133,
        "spearman": 0.35179568760300306,
        "valid_count": 128,
        "worst_decile_error": 0.35700076245344603,
        "worst_group_mae": 0.4685431718826294
      }
    }
  ],
  "final673_accessed": false,
  "graphs_per_second_train_approx": 4.115315598345335,
  "invariance": {
    "rotation_max_abs_delta": 1.1920928955078125e-07,
    "translation_max_abs_delta": 1.7881393432617188e-07
  },
  "model": "m3_dau_shared",
  "parameter_changed": true,
  "parameters": 36461,
  "peak_gpu_memory_mib": 76.19482421875,
  "peak_rss_kib": 1855168,
  "physical_gpu": 1,
  "seed": 42,
  "status": "GPU_ADMISSION_SMOKE_COMPLETE",
  "test_target_accessed": false,
  "train_records": 512,
  "two_batch_losses": [
    0.6929956078529358,
    0.5186745524406433
  ],
  "val_records": 128,
  "wall_seconds_3epochs": 373.239904277958
}
