{
  "decision_labels": [
    "AD_SCORE_NOT_VALIDATED"
  ],
  "protocols": {
    "acceptor_cold": {
      "ad_score_vs_absolute_error_spearman": -0.1287366344757182,
      "aurc_record": 0.08833877524582266,
      "fixed_validation_thresholds": {
        "0.5": {
          "identity_macro_mae": 0.08636573640029976,
          "record_mae": 0.08803017750436024,
          "retained_fraction": 0.402771569065713,
          "retained_records": 901,
          "threshold": 0.5121951219512195
        },
        "0.7": {
          "identity_macro_mae": 0.08604179942318096,
          "record_mae": 0.08748414642319187,
          "retained_fraction": 0.5341975860527493,
          "retained_records": 1195,
          "threshold": 0.3888888888888889
        },
        "0.8": {
          "identity_macro_mae": 0.08906040702880116,
          "record_mae": 0.09031378809179652,
          "retained_fraction": 0.6803755029056773,
          "retained_records": 1522,
          "threshold": 0.325
        },
        "0.9": {
          "identity_macro_mae": 0.09607785014293438,
          "record_mae": 0.09692575401076606,
          "retained_fraction": 0.7711220384443451,
          "retained_records": 1725,
          "threshold": 0.2702702702702703
        },
        "1.0": {
          "identity_macro_mae": 0.09731954402795145,
          "record_mae": 0.09775977483683505,
          "retained_fraction": 1.0,
          "retained_records": 2237,
          "threshold": null
        }
      },
      "high_error_detection_roc_auc": 0.5609875775199406,
      "high_error_fraction": 0.09119356280733125,
      "high_error_threshold": 0.21491928571428576,
      "preregistered_useful_rule_pass": true,
      "test_diagnostic_curve": {
        "0.5": {
          "identity_macro_mae": 0.08658975187130817,
          "record_mae": 0.08825980226094728,
          "retained_records": 1119
        },
        "0.7": {
          "identity_macro_mae": 0.09437103634137974,
          "record_mae": 0.09415811195311073,
          "retained_records": 1566
        },
        "0.8": {
          "identity_macro_mae": 0.09527056694451655,
          "record_mae": 0.09628951084916201,
          "retained_records": 1790
        },
        "0.9": {
          "identity_macro_mae": 0.0966595130840549,
          "record_mae": 0.09651397405589446,
          "retained_records": 2014
        },
        "1": {
          "identity_macro_mae": 0.09731954402795145,
          "record_mae": 0.09775977483683505,
          "retained_records": 2237
        }
      }
    },
    "both_cold": {
      "ad_score_vs_absolute_error_spearman": -0.006071939960380951,
      "aurc_record": 0.0840544593287506,
      "fixed_validation_thresholds": {
        "0.5": {
          "retained_records": 0,
          "threshold": 1.0
        },
        "0.7": {
          "retained_records": 0,
          "threshold": 1.0
        },
        "0.8": {
          "retained_records": 0,
          "threshold": 1.0
        },
        "0.9": {
          "retained_records": 0,
          "threshold": 1.0
        },
        "1.0": {
          "identity_macro_mae": 0.08437826068755827,
          "record_mae": 0.08439855777074716,
          "retained_fraction": 1.0,
          "retained_records": 587,
          "threshold": null
        }
      },
      "high_error_detection_roc_auc": 0.47798525798525787,
      "high_error_fraction": 0.06303236797274275,
      "high_error_threshold": 0.20279892857142856,
      "preregistered_useful_rule_pass": false,
      "test_diagnostic_curve": {
        "0.5": {
          "identity_macro_mae": 0.08062352090445978,
          "record_mae": 0.08082577505830904,
          "retained_records": 294
        },
        "0.7": {
          "identity_macro_mae": 0.0855288733004101,
          "record_mae": 0.08528823766075773,
          "retained_records": 411
        },
        "0.8": {
          "identity_macro_mae": 0.08601918778369029,
          "record_mae": 0.08593489085714284,
          "retained_records": 470
        },
        "0.9": {
          "identity_macro_mae": 0.08505818708961212,
          "record_mae": 0.08492306513907644,
          "retained_records": 529
        },
        "1": {
          "identity_macro_mae": 0.08437826068755827,
          "record_mae": 0.08439855777074716,
          "retained_records": 587
        }
      }
    },
    "donor_cold": {
      "ad_score_vs_absolute_error_spearman": 0.05862330388457706,
      "aurc_record": 0.08815433771577794,
      "fixed_validation_thresholds": {
        "0.5": {
          "identity_macro_mae": 0.0955424866082947,
          "record_mae": 0.09098909032927611,
          "retained_fraction": 0.4953354064860062,
          "retained_records": 1115,
          "threshold": 0.5072463768115942
        },
        "0.7": {
          "identity_macro_mae": 0.08903357031591282,
          "record_mae": 0.08501631628232566,
          "retained_fraction": 0.7116836961350511,
          "retained_records": 1602,
          "threshold": 0.34177215189873417
        },
        "0.8": {
          "identity_macro_mae": 0.08935728405423397,
          "record_mae": 0.08585806051470002,
          "retained_fraction": 0.7965348733896046,
          "retained_records": 1793,
          "threshold": 0.21428571428571427
        },
        "0.9": {
          "identity_macro_mae": 0.08760853773627511,
          "record_mae": 0.08464895246747478,
          "retained_fraction": 1.0,
          "retained_records": 2251,
          "threshold": 0.14634146341463414
        },
        "1.0": {
          "identity_macro_mae": 0.08760853773627511,
          "record_mae": 0.08464895246747478,
          "retained_fraction": 1.0,
          "retained_records": 2251,
          "threshold": null
        }
      },
      "high_error_detection_roc_auc": 0.44709414186158375,
      "high_error_fraction": 0.07641048422923145,
      "high_error_threshold": 0.20555843571428578,
      "preregistered_useful_rule_pass": false,
      "test_diagnostic_curve": {
        "0.5": {
          "identity_macro_mae": 0.09324205116985503,
          "record_mae": 0.0908313143529561,
          "retained_records": 1126
        },
        "0.7": {
          "identity_macro_mae": 0.08891200971376953,
          "record_mae": 0.08516315116660625,
          "retained_records": 1576
        },
        "0.8": {
          "identity_macro_mae": 0.09265789837149069,
          "record_mae": 0.08606420025779331,
          "retained_records": 1801
        },
        "0.9": {
          "identity_macro_mae": 0.08928981377506172,
          "record_mae": 0.08646883621915104,
          "retained_records": 2026
        },
        "1": {
          "identity_macro_mae": 0.08760853773627511,
          "record_mae": 0.08464895246747478,
          "retained_records": 2251
        }
      }
    },
    "full_scaffold_cold": {
      "ad_score_vs_absolute_error_spearman": -0.03231556140250891,
      "aurc_record": 0.07926504580708256,
      "fixed_validation_thresholds": {
        "0.5": {
          "identity_macro_mae": 0.08073761245544549,
          "record_mae": 0.07926823484710942,
          "retained_fraction": 0.5315555555555556,
          "retained_records": 1196,
          "threshold": 0.8433734939759037
        },
        "0.7": {
          "identity_macro_mae": 0.07903171468408575,
          "record_mae": 0.07800975950470218,
          "retained_fraction": 0.7088888888888889,
          "retained_records": 1595,
          "threshold": 0.8125
        },
        "0.8": {
          "identity_macro_mae": 0.07782027692214107,
          "record_mae": 0.07750705150737851,
          "retained_fraction": 0.8217777777777778,
          "retained_records": 1849,
          "threshold": 0.7888888888888889
        },
        "0.9": {
          "identity_macro_mae": 0.07998408107195804,
          "record_mae": 0.07983686680859918,
          "retained_fraction": 0.9155555555555556,
          "retained_records": 2060,
          "threshold": 0.7532467532467533
        },