{
  "diagnostic_only": true,
  "parameters_updated": false,
  "protocols": {
    "acceptor_cold": {
      "0": {
        "aggregate_to_primary_norm_ratio": 1.3275023698806763,
        "negative_task_fraction": 0.0,
        "primary_vs_aggregate_secondary_cosine": 0.282443642616272,
        "task_cosines": {
          "tddft_D_index_angstrom": 0.10125856846570969,
          "tddft_EDI": 0.2439923733472824,
          "tddft_HDI": 0.2193146049976349,
          "tddft_H_CT_angstrom": 0.20455561578273773,
          "tddft_Q_D_to_A_au": 0.1564878672361374,
          "tddft_Sm": 0.13693763315677643,
          "tddft_Sr": 0.15432225167751312,
          "tddft_dipole_change_norm_au": 0.12727761268615723,
          "tddft_excitation_energy_ev": 0.08388166129589081,
          "tddft_oscillator_strength": 0.25398534536361694,
          "tddft_transition_dipole_au": 0.16190405189990997
        }
      },
      "1": {
        "aggregate_to_primary_norm_ratio": 1.3689699172973633,
        "negative_task_fraction": 0.45454545454545453,
        "primary_vs_aggregate_secondary_cosine": 0.0933774784207344,
        "task_cosines": {
          "tddft_D_index_angstrom": 0.09180586040019989,
          "tddft_EDI": -0.020388396456837654,
          "tddft_HDI": -0.08504542708396912,
          "tddft_H_CT_angstrom": -0.059389010071754456,
          "tddft_Q_D_to_A_au": 0.21929357945919037,
          "tddft_Sm": 0.16767583787441254,
          "tddft_Sr": 0.17335191369056702,
          "tddft_dipole_change_norm_au": 0.13187703490257263,
          "tddft_excitation_energy_ev": 0.04724662005901337,
          "tddft_oscillator_strength": -0.01948695071041584,
          "tddft_transition_dipole_au": -0.045224446803331375
        }
      },
      "2": {
        "aggregate_to_primary_norm_ratio": 0.5660104751586914,
        "negative_task_fraction": 0.2727272727272727,
        "primary_vs_aggregate_secondary_cosine": 0.2939518094062805,
        "task_cosines": {
          "tddft_D_index_angstrom": -0.008529569022357464,
          "tddft_EDI": 0.25933948159217834,
          "tddft_HDI": 0.27045342326164246,
          "tddft_H_CT_angstrom": 0.1833270788192749,
          "tddft_Q_D_to_A_au": 0.26671531796455383,
          "tddft_Sm": -0.06259042769670486,
          "tddft_Sr": -0.031247973442077637,
          "tddft_dipole_change_norm_au": 0.006832657847553492,
          "tddft_excitation_energy_ev": 0.07108933478593826,
          "tddft_oscillator_strength": 0.29712751507759094,
          "tddft_transition_dipole_au": 0.1062406674027443
        }
      },
      "3": {
        "aggregate_to_primary_norm_ratio": 1.6723295450210571,
        "negative_task_fraction": 0.18181818181818182,
        "primary_vs_aggregate_secondary_cosine": 0.12841784954071045,
        "task_cosines": {
          "tddft_D_index_angstrom": 0.0876026377081871,
          "tddft_EDI": 0.2234186828136444,
          "tddft_HDI": -0.1255616396665573,
          "tddft_H_CT_angstrom": 0.12784382700920105,
          "tddft_Q_D_to_A_au": 0.1649528294801712,
          "tddft_Sm": 0.11175175756216049,
          "tddft_Sr": 0.11391765624284744,
          "tddft_dipole_change_norm_au": 0.12941952049732208,
          "tddft_excitation_energy_ev": 0.033100489526987076,
          "tddft_oscillator_strength": -0.05499732121825218,
          "tddft_transition_dipole_au": 0.04696335643529892
        }
      },
      "4": {
        "aggregate_to_primary_norm_ratio": 1.4165465831756592,
        "negative_task_fraction": 0.2727272727272727,
        "primary_vs_aggregate_secondary_cosine": 0.027272500097751617,
        "task_cosines": {
          "tddft_D_index_angstrom": 0.19368088245391846,
          "tddft_EDI": -0.06539604067802429,
          "tddft_HDI": 0.07784818857908249,
          "tddft_H_CT_angstrom": -0.09148885309696198,
          "tddft_Q_D_to_A_au": 0.05781644582748413,
          "tddft_Sm": 0.06470932811498642,
          "tddft_Sr": 0.03946085274219513,
          "tddft_dipole_change_norm_au": 0.18084336817264557,
          "tddft_excitation_energy_ev": 0.017814192920923233,
          "tddft_oscillator_strength": -0.09665441513061523,
          "tddft_transition_dipole_au": 0.01848749630153179
        }
      }
    },
    "iid": {
      "0": {
        "aggregate_to_primary_norm_ratio": 0.650765597820282,
        "negative_task_fraction": 0.0,
        "primary_vs_aggregate_secondary_cosine": 0.35693222284317017,
        "task_cosines": {
          "tddft_D_index_angstrom": 0.11891529709100723,
          "tddft_EDI": 0.38364624977111816,
          "tddft_HDI": 0.08557786047458649,
          "tddft_H_CT_angstrom": 0.36267998814582825,
          "tddft_Q_D_to_A_au": 0.18253262341022491,
          "tddft_Sm": 0.05090692639350891,
          "tddft_Sr": 0.00014587798796128482,
          "tddft_dipole_change_norm_au": 0.12278223782777786,
          "tddft_excitation_energy_ev": 0.08483094722032547,
          "tddft_oscillator_strength": 0.3342618942260742,
          "tddft_transition_dipole_au": 0.0579935684800148
        }
      },
      "1": {
        "aggregate_to_primary_norm_ratio": 1.4494718313217163,
        "negative_task_fraction": 0.45454545454545453,
        "primary_vs_aggregate_secondary_cosine": 0.03229988366365433,
        "task_cosines": {
          "tddft_D_index_angstrom": 0.22935715317726135,
          "tddft_EDI": -0.02840256690979004,
          "tddft_HDI": 0.01143986452370882,
          "tddft_H_CT_angstrom": -0.08665667474269867,
          "tddft_Q_D_to_A_au": 0.017207998782396317,
          "tddft_Sm": 0.04219798743724823,
          "tddft_Sr": 0.05174632743000984,
          "tddft_dipole_change_norm_au": 0.22511664032936096,
          "tddft_excitation_energy_ev": -0.028088657185435295,
          "tddft_oscillator_strength": -0.006189167499542236,
          "tddft_transition_dipole_au": -0.026774859055876732
        }
      },
      "2": {
        "aggregate_to_primary_norm_ratio": 1.0344657897949219,
        "negative_task_fraction": 0.0,
        "primary_vs_aggregate_secondary_cosine": 0.2879059612751007,
        "task_cosines": {
          "tddft_D_index_angstrom": 0.43170449137687683,
          "tddft_EDI": 0.15192155539989471,
          "tddft_HDI": 0.09815722703933716,
          "tddft_H_CT_angstrom": 0.0867462158203125,
          "tddft_Q_D_to_A_au": 0.16762959957122803,
          "tddft_Sm": 0.2611010670661926,
          "tddft_Sr": 0.25821390748023987,
          "tddft_dipole_change_norm_au": 0.4402945935726166,
          "tddft_excitation_energy_ev": 0.05371899530291557,
          "tddft_oscillator_strength": 0.1458522230386734,
          "tddft_transition_dipole_au": 0.13678936660289764
        }
      },
      "3": {
        "aggregate_to_primary_norm_ratio": 1.5407413244247437,
        "negative_task_fraction": 0.0,
        "primary_vs_aggregate_secondary_cosine": 0.21149693429470062,
        "task_cosines": {
          "tddft_D_index_angstrom": 0.26609745621681213,
          "tddft_EDI": 0.11576365679502487,
          "tddft_HDI": 0.09606905281543732,
          "tddft_H_CT_angstrom": 0.03581101447343826,
          "tddft_Q_D_to_A_au": 0.06866969168186188,
          "tddft_Sm": 0.19325138628482819,
          "tddft_Sr": 0.16110540926456451,
          "tddft_dipole_change_norm_au": 0.24445727467536926,
          "tddft_excitation_energy_ev": 0.024071233347058296,
          "tddft_oscillator_strength": 0.08461447060108185,
          "tddft_transition_dipole_au": 0.10935606062412262
        }
      },
      "4": {
        "aggregate_to_primary_norm_ratio": 0.8558734059333801,
        "negative_task_fraction": 0.09090909090909091,
        "primary_vs_aggregate_secondary_cosine": 0.19532275199890137,
        "task_cosines": {
          "tddft_D_index_angstrom": 0.2785123884677887,
          "tddft_EDI": 0.023409998044371605,
          "tddft_HDI": 0.20818325877189636,
          "tddft_H_CT_angstrom": -0.04341926798224449,
          "tddft_Q_D_to_A_au": 0.10641700029373169,