{
  "decision": "MULTITASK_CROSSFIT_INCONCLUSIVE",
  "final673_accessed": false,
  "main_parquet_accessed": false,
  "official_validation_accessed": false,
  "protocols": {
    "acceptor_cold": {
      "comparisons": {
        "M11_minus_S0": {
          "ci95": [
            -0.0010568604705569495,
            0.00036923151233398885
          ],
          "clusters": 277,
          "point": -0.00035259389266708397
        },
        "M11_minus_XGB": {
          "ci95": [
            -0.0019379947988260942,
            0.00138282730818336
          ],
          "clusters": 277,
          "point": -0.00032894228211968014
        }
      },
      "fold_metrics": {
        "M11": {
          "0": 0.08500845730304718,
          "1": 0.08786404877901077,
          "2": 0.08651494979858398,
          "3": 0.0902651995420456,
          "4": 0.07940973341464996
        },
        "S0": {
          "0": 0.0866856798529625,
          "1": 0.08811400830745697,
          "2": 0.08444719016551971,
          "3": 0.09132222831249237,
          "4": 0.08035071194171906
        },
        "XGB": {
          "0": 0.08461043238639832,
          "1": 0.08687176555395126,
          "2": 0.08484172075986862,
          "3": 0.08991636335849762,
          "4": 0.08515675365924835
        }
      },
      "metrics": {
        "M11": {
          "identity_macro_mae": 0.0858752653002739,
          "p90_abs_error": 0.19092728197574615,
          "record_mae": 0.0872362032532692,
          "record_rmse": 0.1201600581407547,
          "structure_macro_mae": 0.08721257746219635
        },
        "S0": {
          "identity_macro_mae": 0.08622786402702332,
          "p90_abs_error": 0.19388626515865326,
          "record_mae": 0.0877910777926445,
          "record_rmse": 0.12127454578876495,
          "structure_macro_mae": 0.08777869492769241
        },
        "XGB": {
          "identity_macro_mae": 0.08620420843362808,
          "p90_abs_error": 0.1929672509431839,
          "record_mae": 0.08836229145526886,
          "record_rmse": 0.11830609291791916,
          "structure_macro_mae": 0.08835535496473312
        }
      },
      "records": 10000,
      "seed_metrics": {
        "M11_123": {
          "identity_macro_mae": 0.08699405938386917,
          "structure_macro_mae": 0.08840561658143997
        },
        "M11_42": {
          "identity_macro_mae": 0.08779368549585342,
          "structure_macro_mae": 0.08944714814424515
        },
        "M11_456": {
          "identity_macro_mae": 0.0876612439751625,
          "structure_macro_mae": 0.08906625211238861
        },
        "S0_123": {
          "identity_macro_mae": 0.08701061457395554,
          "structure_macro_mae": 0.08879921585321426
        },
        "S0_42": {
          "identity_macro_mae": 0.08864942938089371,
          "structure_macro_mae": 0.08977281302213669
        },
        "S0_456": {
          "identity_macro_mae": 0.0887957438826561,
          "structure_macro_mae": 0.09058727324008942
        }
      },
      "units": 277
    },
    "iid": {
      "comparisons": {
        "M11_minus_S0": {
          "ci95": [
            -0.0010144451689351958,
            -0.00027570156332288557
          ],
          "clusters": 10231,
          "point": -0.0006473922517429919
        },
        "M11_minus_XGB": {
          "ci95": [
            -0.003234769439909328,
            -0.0015579962016590973
          ],
          "clusters": 10231,
          "point": -0.0024023254197802716
        }
      },
      "fold_metrics": {
        "M11": {
          "0": 0.08335410803556442,
          "1": 0.08484293520450592,
          "2": 0.0833175852894783,
          "3": 0.08254217356443405,
          "4": 0.08449381589889526
        },
        "S0": {
          "0": 0.08451831340789795,
          "1": 0.08494509756565094,
          "2": 0.08364930748939514,
          "3": 0.08408281952142715,
          "4": 0.08459331095218658
        },
        "XGB": {
          "0": 0.08681628853082657,
          "1": 0.0879993885755539,
          "2": 0.08402083814144135,
          "3": 0.08451760560274124,
          "4": 0.08720777928829193
        }
      },
      "metrics": {
        "M11": {
          "identity_macro_mae": 0.08371038734912872,
          "p90_abs_error": 0.1874307245016098,
          "record_mae": 0.08366008847951889,
          "record_rmse": 0.11689260601997375,
          "structure_macro_mae": 0.08371038734912872
        },
        "S0": {
          "identity_macro_mae": 0.08435778319835663,
          "p90_abs_error": 0.18875811994075775,
          "record_mae": 0.08427131921052933,
          "record_rmse": 0.11744395643472672,
          "structure_macro_mae": 0.08435778319835663
        },
        "XGB": {
          "identity_macro_mae": 0.08611271530389786,
          "p90_abs_error": 0.18679657578468323,
          "record_mae": 0.08602359890937805,
          "record_rmse": 0.11593934893608093,
          "structure_macro_mae": 0.08611271530389786
        }
      },
      "records": 10370,
      "seed_metrics": {
        "M11_123": {
          "identity_macro_mae": 0.08602458983659744,
          "structure_macro_mae": 0.08602458983659744
        },
        "M11_42": {
          "identity_macro_mae": 0.08614547550678253,
          "structure_macro_mae": 0.08614547550678253
        },
        "M11_456": {
          "identity_macro_mae": 0.08650476485490799,
          "structure_macro_mae": 0.08650476485490799
        },
        "S0_123": {
          "identity_macro_mae": 0.08640759438276291,
          "structure_macro_mae": 0.08640759438276291
        },
        "S0_42": {
          "identity_macro_mae": 0.08708512037992477,
          "structure_macro_mae": 0.08708512037992477
        },
        "S0_456": {
          "identity_macro_mae": 0.08638239651918411,
          "structure_macro_mae": 0.08638239651918411
        }
      },
      "units": 10231
    }
  },
  "test_accessed": false,
  "version": "gate2e2a_crossfit_metrics_v1"
}
