{
  "comparisons": {
    "acceptor_cold": {
      "DELTA_3_minus_C0": {
        "ci95": [
          -0.0005514964280465067,
          0.0011977859298871638
        ],
        "clusters": 277,
        "point": 0.0003165665764996354
      },
      "DELTA_6_minus_C0": {
        "ci95": [
          -0.0009871875549814805,
          0.000767195488108855
        ],
        "clusters": 277,
        "point": -9.903983821560909e-05
      },
      "DELTA_6_minus_PAIR_6": {
        "ci95": [
          -0.00044931746650198355,
          0.0010291073189866043
        ],
        "clusters": 277,
        "point": 0.00029792007497820764
      },
      "DFT_3_minus_C0": {
        "ci95": [
          -0.001523997569678222,
          1.6262782536274523e-05
        ],
        "clusters": 277,
        "point": -0.0007342678179022121
      },
      "DFT_3_minus_PM6_3": {
        "ci95": [
          -0.0019993841496238917,
          -0.00048456396547476706
        ],
        "clusters": 277,
        "point": -0.0012466491747908945
      },
      "PAIR_6_minus_C0": {
        "ci95": [
          -0.001294991951951034,
          0.0005171817407144924
        ],
        "clusters": 277,
        "point": -0.00039695991319381685
      },
      "PM6_3_minus_C0": {
        "ci95": [
          -0.00028068668595252513,
          0.0013071055899532334
        ],
        "clusters": 277,
        "point": 0.000512381356888682
      },
      "ROLE_9_minus_C0": {
        "ci95": [
          -0.0007355969611431629,
          0.001001678962797043
        ],
        "clusters": 277,
        "point": 0.00012652732788464877
      }
    },
    "iid": {
      "DELTA_3_minus_C0": {
        "ci95": [
          -0.0003809131909297799,
          0.0004942987779230583
        ],
        "clusters": 10231,
        "point": 4.992301955390131e-05
      },
      "DELTA_6_minus_C0": {
        "ci95": [
          -1.0913908053119663e-05,
          0.001066792456886746
        ],
        "clusters": 10231,
        "point": 0.0005266206638476745
      },
      "DELTA_6_minus_PAIR_6": {
        "ci95": [
          -0.0001751418446821183,
          0.0008261182140074074
        ],
        "clusters": 10231,
        "point": 0.0003290216835304064
      },
      "DFT_3_minus_C0": {
        "ci95": [
          -0.0004274792528402087,
          0.0005941059488545369
        ],
        "clusters": 10231,
        "point": 8.940421524880392e-05
      },
      "DFT_3_minus_PM6_3": {
        "ci95": [
          -0.0006758815012739257,
          0.0003800133462388397
        ],
        "clusters": 10231,
        "point": -0.0001457455223026554
      },
      "PAIR_6_minus_C0": {
        "ci95": [
          -0.0003815371301394881,
          0.0007575048686998445
        ],
        "clusters": 10231,
        "point": 0.00019759898031726804
      },
      "PM6_3_minus_C0": {
        "ci95": [
          -0.00025700246536921646,
          0.0007323803077509795
        ],
        "clusters": 10231,
        "point": 0.00023514973755145942
      },
      "ROLE_9_minus_C0": {
        "ci95": [
          -0.00020774059626792586,
          0.0005627246916499904
        ],
        "clusters": 10231,
        "point": 0.00017875184847761659
      }
    }
  },
  "decision": {
    "delta_parameterization": "DELTA_REPARAMETERIZATION_NO_GAIN",
    "delta_parameterization_admitted": false,
    "dft_ground_state_secondary": "DFT_GROUND_STATE_SIGNAL_ONLY",
    "multifidelity": "MULTIFIDELITY_SIGNAL_INCONCLUSIVE",
    "multifidelity_admitted": false
  },
  "protocols": {
    "acceptor_cold": {
      "arms": {
        "C0": {
          "fold_mae": [
            0.0844641318340243,
            0.08673643417127393,
            0.08909487205786137,
            0.0929816447485678,
            0.08885998584046434
          ],
          "macro_mae": 0.08620136866329761,
          "record_mae": 0.0883622926755786
        },
        "DELTA_3": {
          "fold_mae": [
            0.08390641796226239,
            0.08672856694487129,
            0.08914792248178723,
            0.09424337882161885,
            0.08875600781165073
          ],
          "macro_mae": 0.08651793523979726,
          "record_mae": 0.08848591844157763
        },
        "DELTA_6": {
          "fold_mae": [
            0.08371777018641667,
            0.08751363036376762,
            0.0889195052708782,
            0.09307866408235013,
            0.08778190972574254
          ],
          "macro_mae": 0.08610232882508201,
          "record_mae": 0.088177142588672
        },
        "DFT_3": {
          "fold_mae": [
            0.08303072857283877,
            0.08651660047534847,
            0.08879985029241406,
            0.09255268743260509,
            0.08804242450555214
          ],
          "macro_mae": 0.08546710084539541,
          "record_mae": 0.08774014360851905
        },
        "PAIR_6": {
          "fold_mae": [
            0.08362066276669995,
            0.08635929700724784,
            0.08875676524160386,
            0.09221406495042551,
            0.08780319397260858
          ],
          "macro_mae": 0.0858044087501038,
          "record_mae": 0.08770276058250295
        },
        "PM6_3": {
          "fold_mae": [
            0.08433903661889931,
            0.0878462074983533,
            0.08842791775037491,
            0.0939032637788123,
            0.0888319187325317
          ],
          "macro_mae": 0.08671375002018632,
          "record_mae": 0.0886231852559577
        },
        "ROLE_9": {
          "fold_mae": [
            0.08431554646393473,
            0.08823841990103798,
            0.08907530750058941,
            0.09333372783512114,
            0.08865106562945017
          ],
          "macro_mae": 0.08632789599118228,
          "record_mae": 0.08869663507162485
        }
      },
      "clusters": 277,
      "records": 10000
    },
    "iid": {
      "arms": {
        "C0": {
          "fold_mae": [
            0.08687508143217683,
            0.08803544761205576,
            0.08409836781937814,
            0.08449020176883579,
            0.08661516760923009
          ],
          "macro_mae": 0.0861127135136624,
          "record_mae": 0.08602359546940123
        },
        "DELTA_3": {
          "fold_mae": [
            0.08628260393505509,
            0.08775494747627045,
            0.08488512282882332,
            0.08500653349818992,
            0.0863440140374052
          ],
          "macro_mae": 0.08616263653321629,
          "record_mae": 0.08605550078360805
        },
        "DELTA_6": {
          "fold_mae": [
            0.08687726362321353,
            0.08699595270154159,
            0.08534162176307665,
            0.08641031858121016,
            0.08675850062675088
          ],
          "macro_mae": 0.08663933417751007,
          "record_mae": 0.08647606574304738
        },
        "DFT_3": {
          "fold_mae": [
            0.08643586084247411,
            0.08691246001185687,
            0.08449362248138749,
            0.08608398048230118,
            0.08659622427437867
          ],
          "macro_mae": 0.08620211772891122,
          "record_mae": 0.08610348492504939
        },
        "PAIR_6": {
          "fold_mae": [
            0.08669628838457816,
            0.08646074044251034,
            0.08444116316721838,
            0.08671063134814853,
            0.0866550472162331
          ],
          "macro_mae": 0.08631031249397966,
          "record_mae": 0.08619091095552588
        },
        "PM6_3": {
          "fold_mae": [
            0.08686702403652294,
            0.08709957705632498,
            0.08489626485100424,
            0.08508889468644519,
            0.0869590342015875
          ],
          "macro_mae": 0.08634786325121387,
          "record_mae": 0.08618245655316101
        },