{
  "acceptor_cold": {
    "M11": {
      "best_epochs": [
        8,
        6,
        9
      ],
      "inner_metric_eV": [
        0.09174618870019913,
        0.09190801531076431,
        0.09223803877830505
      ],
      "peak_gpu_bytes": 55382528,
      "wall_seconds_inner": 94.17410326004028,
      "wall_seconds_refit": 30.96698570251465
    },
    "M15": {
      "best_epochs": [
        15,
        6,
        11
      ],
      "inner_metric_eV": [
        0.0937277227640152,
        0.09318142384290695,
        0.09251029044389725
      ],
      "peak_gpu_bytes": 58040832,
      "wall_seconds_inner": 126.28052282333374,
      "wall_seconds_refit": 54.619882583618164
    },
    "S0": {
      "best_epochs": [
        11,
        6,
        9
      ],
      "inner_metric_eV": [
        0.09261412173509598,
        0.09315121918916702,
        0.09241543710231781
      ],
      "peak_gpu_bytes": 48072192,
      "wall_seconds_inner": 26.710015773773193,
      "wall_seconds_refit": 10.383789539337158
    }
  },
  "iid": {
    "M11": {
      "best_epochs": [
        6,
        3,
        12
      ],
      "inner_metric_eV": [
        0.08521194010972977,
        0.08622930198907852,
        0.08598137646913528
      ],
      "peak_gpu_bytes": 55382528,
      "wall_seconds_inner": 87.10288739204407,
      "wall_seconds_refit": 27.32918119430542
    },
    "M15": {
      "best_epochs": [
        14,
        8,
        9
      ],
      "inner_metric_eV": [
        0.08507875353097916,
        0.08575214445590973,
        0.08490622788667679
      ],
      "peak_gpu_bytes": 58040832,
      "wall_seconds_inner": 121.38494086265564,
      "wall_seconds_refit": 42.32605767250061
    },
    "S0": {
      "best_epochs": [
        9,
        4,
        7
      ],
      "inner_metric_eV": [
        0.08560266345739365,
        0.08604644984006882,
        0.08631335198879242
      ],
      "peak_gpu_bytes": 48072192,
      "wall_seconds_inner": 25.68301510810852,
      "wall_seconds_refit": 8.969654083251953
    }
  }
}
