{
  "acceptor_cold": {
    "DA_unknown": {
      "M11_MAE": 0.06034116999143991,
      "M15_MAE": 0.06783517208824394,
      "M15_minus_M11": 0.0074940020968040305,
      "records": 23
    },
    "empty_donor_unknown": {
      "M11_MAE": 0.0498153001018147,
      "M15_MAE": 0.052266915483076506,
      "M15_minus_M11": 0.0024516153812618093,
      "records": 13
    },
    "fragment_missing": {
      "M11_MAE": 0.08678802787695791,
      "M15_MAE": 0.08761639462477198,
      "M15_minus_M11": 0.0008283667478140772,
      "records": 1030
    },
    "fragment_observed": {
      "M11_MAE": 0.10680491398447825,
      "M15_MAE": 0.10022857763206175,
      "M15_minus_M11": -0.006576336352416503,
      "records": 1205
    },
    "pure_DA": {
      "M11_MAE": 0.09825199829624204,
      "M15_MAE": 0.0949434486816007,
      "M15_minus_M11": -0.003308549614641329,
      "records": 2199
    }
  },
  "iid": {
    "DA_unknown": {
      "M11_MAE": 0.0862857601523481,
      "M15_MAE": 0.08436659293785638,
      "M15_minus_M11": -0.0019191672144917194,
      "records": 50
    },
    "empty_donor_unknown": {
      "M11_MAE": 0.055724920948117734,
      "M15_MAE": 0.060553027121060844,
      "M15_minus_M11": 0.00482810617294311,
      "records": 55
    },
    "fragment_missing": {
      "M11_MAE": 0.0838631347409867,
      "M15_MAE": 0.08372410384818176,
      "M15_minus_M11": -0.000139030892804948,
      "records": 1142
    },
    "fragment_observed": {
      "M11_MAE": 0.08667381289161634,
      "M15_MAE": 0.08759671540891148,
      "M15_minus_M11": 0.0009229025172951435,
      "records": 1167
    },
    "pure_DA": {
      "M11_MAE": 0.08599858478174192,
      "M15_MAE": 0.08633827011718334,
      "M15_minus_M11": 0.00033968533544142333,
      "records": 2204
    }
  }
}
